<keymap version="1" name="Eclipse (Mac OS X) copy" parent="Eclipse (Mac OS X)">
  <action id="Annotate">
    <mouse-shortcut keystroke="meta alt button1" />
  </action>
  <action id="CollapseAllRegions">
    <keyboard-shortcut first-keystroke="shift meta minus" />
  </action>
  <action id="Console.Execute.Multiline" />
  <action id="Console.TableResult.NavigateExportedAction" />
  <action id="Console.TableResult.Submit" />
  <action id="ConvertIndentsToSpaces">
    <keyboard-shortcut first-keystroke="shift ctrl w" />
  </action>
  <action id="ConvertIndentsToTabs">
    <keyboard-shortcut first-keystroke="shift meta m" />
  </action>
  <action id="DuplicatesForm.SendToLeft" />
  <action id="DuplicatesForm.SendToRight" />
  <action id="EditorCloneCaretAbove">
    <keyboard-shortcut first-keystroke="ctrl meta up" />
  </action>
  <action id="EditorCloneCaretBelow">
    <keyboard-shortcut first-keystroke="ctrl meta down" />
  </action>
  <action id="EditorDuplicate">
    <keyboard-shortcut first-keystroke="alt d" />
  </action>
  <action id="EditorSplitLine" />
  <action id="EvaluateExpression" />
  <action id="ExpandAllRegions">
    <keyboard-shortcut first-keystroke="shift meta equals" />
  </action>
  <action id="ExpandAllToLevel1">
    <keyboard-shortcut first-keystroke="meta 1" />
  </action>
  <action id="ExpandAllToLevel2">
    <keyboard-shortcut first-keystroke="meta 2" />
  </action>
  <action id="ExpandAllToLevel3">
    <keyboard-shortcut first-keystroke="meta 3" />
  </action>
  <action id="ExpandAllToLevel4">
    <keyboard-shortcut first-keystroke="meta 4" />
  </action>
  <action id="ExpandAllToLevel5">
    <keyboard-shortcut first-keystroke="meta 5" />
  </action>
  <action id="FileChooser.GotoHome" />
  <action id="FileChooser.GotoModule" />
  <action id="FileChooser.GotoProject" />
  <action id="Find">
    <keyboard-shortcut first-keystroke="meta f" />
  </action>
  <action id="FindUsages" />
  <action id="GotoAction">
    <keyboard-shortcut first-keystroke="meta m" />
  </action>
  <action id="GotoChangedFile" />
  <action id="GotoDeclaration">
    <keyboard-shortcut first-keystroke="f3" />
    <mouse-shortcut keystroke="control button1" />
    <mouse-shortcut keystroke="meta button1" />
  </action>
  <action id="GotoRelated" />
  <action id="GotoSuperMethod">
    <keyboard-shortcut first-keystroke="meta u" />
  </action>
  <action id="IpnbAddCellAboveAction" />
  <action id="IpnbMarkdownCellAction" />
  <action id="IpnbRunCellInplaceAction" />
  <action id="MaximizeToolWindow" />
  <action id="MinimizeCurrentWindow" />
  <action id="ReopenClosedTab">
    <keyboard-shortcut first-keystroke="alt t" />
  </action>
  <action id="Replace">
    <keyboard-shortcut first-keystroke="meta g" />
  </action>
  <action id="ReplaceInPath">
    <keyboard-shortcut first-keystroke="shift meta g" />
  </action>
  <action id="SearchEverywhere">
    <keyboard-shortcut first-keystroke="meta enter" />
  </action>
  <action id="ShowFilePath">
    <keyboard-shortcut first-keystroke="ctrl meta w" />
  </action>
  <action id="ShowIntentionActions" />
  <action id="SplitHorizontally">
    <keyboard-shortcut first-keystroke="shift meta quote" />
  </action>
  <action id="SplitVertically">
    <keyboard-shortcut first-keystroke="shift meta 5" />
  </action>
  <action id="SwitchApply">
    <keyboard-shortcut first-keystroke="ctrl alt enter" />
  </action>
  <action id="SwitchDown">
    <keyboard-shortcut first-keystroke="ctrl alt down" />
  </action>
  <action id="SwitchLeft">
    <keyboard-shortcut first-keystroke="ctrl alt left" />
  </action>
  <action id="SwitchRight">
    <keyboard-shortcut first-keystroke="ctrl alt right" />
  </action>
  <action id="SwitchUp">
    <keyboard-shortcut first-keystroke="ctrl alt up" />
  </action>
  <action id="ViewSource" />
  <action id="XDebugger.ToggleSortValues">
    <keyboard-shortcut first-keystroke="shift meta l" />
  </action>
</keymap>