<profile version="1.0">
  <option name="myName" value="Default" />
  <inspection_tool class="PyPackageRequirementsInspection" enabled="true" level="WARNING" enabled_by_default="true">
    <option name="ignoredPackages">
      <value>
        <list size="75">
          <item index="0" class="java.lang.String" itemvalue="blinker" />
          <item index="1" class="java.lang.String" itemvalue="pygeoip" />
          <item index="2" class="java.lang.String" itemvalue="itunes-iap" />
          <item index="3" class="java.lang.String" itemvalue="six" />
          <item index="4" class="java.lang.String" itemvalue="phonenumbers" />
          <item index="5" class="java.lang.String" itemvalue="Flask-WTF" />
          <item index="6" class="java.lang.String" itemvalue="paypalrestsdk" />
          <item index="7" class="java.lang.String" itemvalue="gae-pytz" />
          <item index="8" class="java.lang.String" itemvalue="sendgrid" />
          <item index="9" class="java.lang.String" itemvalue="GoogleAppEngineCloudStorageClient" />
          <item index="10" class="java.lang.String" itemvalue="GoogleAppEnginePipeline" />
          <item index="11" class="java.lang.String" itemvalue="py-iwiacl" />
          <item index="12" class="java.lang.String" itemvalue="raven[flask]" />
          <item index="13" class="java.lang.String" itemvalue="Graphy" />
          <item index="14" class="java.lang.String" itemvalue="stripe" />
          <item index="15" class="java.lang.String" itemvalue="google-api-python-client" />
          <item index="16" class="java.lang.String" itemvalue="wtforms" />
          <item index="17" class="java.lang.String" itemvalue="itsdangerous" />
          <item index="18" class="java.lang.String" itemvalue="twilio" />
          <item index="19" class="java.lang.String" itemvalue="unicodecsv" />
          <item index="20" class="java.lang.String" itemvalue="Flask" />
          <item index="21" class="java.lang.String" itemvalue="wtforms-ndb" />
          <item index="22" class="java.lang.String" itemvalue="iwiacl" />
          <item index="23" class="java.lang.String" itemvalue="PyAPNs" />
          <item index="24" class="java.lang.String" itemvalue="python-dateutil" />
          <item index="25" class="java.lang.String" itemvalue="sphinx" />
          <item index="26" class="java.lang.String" itemvalue="django" />
          <item index="27" class="java.lang.String" itemvalue="ipdb" />
          <item index="28" class="java.lang.String" itemvalue="flake8" />
          <item index="29" class="java.lang.String" itemvalue="djangorestframework" />
          <item index="30" class="java.lang.String" itemvalue="factory-boy" />
          <item index="31" class="java.lang.String" itemvalue="pyyaml" />
          <item index="32" class="java.lang.String" itemvalue="PyYAML" />
          <item index="33" class="java.lang.String" itemvalue="mock" />
          <item index="34" class="java.lang.String" itemvalue="Fabric" />
          <item index="35" class="java.lang.String" itemvalue="Fabric3" />
          <item index="36" class="java.lang.String" itemvalue="yanc" />
          <item index="37" class="java.lang.String" itemvalue="gevent" />
          <item index="38" class="java.lang.String" itemvalue="gunicorn" />
          <item index="39" class="java.lang.String" itemvalue="google-cloud-bigquery" />
          <item index="40" class="java.lang.String" itemvalue="google-cloud-storage" />
          <item index="41" class="java.lang.String" itemvalue="requests-toolbelt" />
          <item index="42" class="java.lang.String" itemvalue="WTForms" />
          <item index="43" class="java.lang.String" itemvalue="paramiko" />
          <item index="44" class="java.lang.String" itemvalue="Flask-SSLify" />
          <item index="45" class="java.lang.String" itemvalue="Werkzeug" />
          <item index="46" class="java.lang.String" itemvalue="Pygments" />
          <item index="47" class="java.lang.String" itemvalue="Jinja2" />
          <item index="48" class="java.lang.String" itemvalue="pycrypto" />
          <item index="49" class="java.lang.String" itemvalue="django-sekizai" />
          <item index="50" class="java.lang.String" itemvalue="django-treebeard" />
          <item index="51" class="java.lang.String" itemvalue="djangocms-video" />
          <item index="52" class="java.lang.String" itemvalue="djangocms-column" />
          <item index="53" class="java.lang.String" itemvalue="easy_thumbnails" />
          <item index="54" class="java.lang.String" itemvalue="html5lib" />
          <item index="55" class="java.lang.String" itemvalue="djangocms-admin-style" />
          <item index="56" class="java.lang.String" itemvalue="djangocms-style" />
          <item index="57" class="java.lang.String" itemvalue="djangocms-file" />
          <item index="58" class="java.lang.String" itemvalue="djangocms-snippet" />
          <item index="59" class="java.lang.String" itemvalue="django-cms" />
          <item index="60" class="java.lang.String" itemvalue="djangocms-googlemap" />
          <item index="61" class="java.lang.String" itemvalue="django-classy-tags" />
          <item index="62" class="java.lang.String" itemvalue="djangocms-text-ckeditor" />
          <item index="63" class="java.lang.String" itemvalue="djangocms-link" />
          <item index="64" class="java.lang.String" itemvalue="django-filer" />
          <item index="65" class="java.lang.String" itemvalue="Django" />
          <item index="66" class="java.lang.String" itemvalue="djangocms-picture" />
          <item index="67" class="java.lang.String" itemvalue="pytz" />
          <item index="68" class="java.lang.String" itemvalue="Pillow" />
          <item index="69" class="java.lang.String" itemvalue="celery" />
          <item index="70" class="java.lang.String" itemvalue="kombu" />
          <item index="71" class="java.lang.String" itemvalue="social-auth-app-django" />
          <item index="72" class="java.lang.String" itemvalue="django-countries-5.3.2" />
          <item index="73" class="java.lang.String" itemvalue="django-ckeditor" />
          <item index="74" class="java.lang.String" itemvalue="django-countries" />
        </list>
      </value>
    </option>
  </inspection_tool>
</profile>