<application>
  <component name="FindSettings">
    <option name="customScope" value="wolfandbadger" />
    <option name="defaultScopeName" value="wolfandbadger" />
    <option name="localRegularExpressions" value="true" />
    <option name="LOCAL_REGULAR_EXPRESSIONS" value="true" />
    <option name="SEARCH_SCOPE" value="wolfandbadger" />
    <mask>*.properties</mask>
    <mask>*.jsp</mask>
    <mask>*.xml</mask>
    <mask>*.java</mask>
    <mask>*.as</mask>
    <mask>*.mxml</mask>
    <mask>*.css</mask>
    <mask>admin.*</mask>
    <mask>*requirements*</mask>
    <mask>test*.py</mask>
    <mask>*test*</mask>
    <mask>settings*</mask>
    <mask>admin.py</mask>
    <mask>*.crt</mask>
    <mask>*.less</mask>
    <mask>*.js</mask>
    <mask>*.rst</mask>
    <mask>*settings*</mask>
    <mask>*.html</mask>
    <mask>*.py</mask>
    <mask>urls.py</mask>
  </component>
</application>