<application>
  <component name="ProjectJdkTable">
    <jdk version="2">
      <name value="Python 2.7.10 (/usr/bin/python)" />
      <type value="Python SDK" />
      <version value="Python 2.7.16" />
      <homePath value="/usr/bin/python" />
      <roots>
        <classPath>
          <root type="composite">
            <root url="file:///Library/Python/2.7/site-packages/pip-19.1-py2.7.egg" type="simple" />
            <root url="file:///System/Library/Frameworks/Python.framework/Versions/2.7/lib/python2.7" type="simple" />
            <root url="file:///System/Library/Frameworks/Python.framework/Versions/2.7/lib/python2.7/plat-darwin" type="simple" />
            <root url="file:///System/Library/Frameworks/Python.framework/Versions/2.7/lib/python2.7/plat-mac" type="simple" />
            <root url="file:///System/Library/Frameworks/Python.framework/Versions/2.7/lib/python2.7/plat-mac/lib-scriptpackages" type="simple" />
            <root url="file:///System/Library/Frameworks/Python.framework/Versions/2.7/lib/python2.7/lib-tk" type="simple" />
            <root url="file:///System/Library/Frameworks/Python.framework/Versions/2.7/lib/python2.7/lib-dynload" type="simple" />
            <root url="file:///Library/Python/2.7/site-packages" type="simple" />
            <root url="file:///System/Library/Frameworks/Python.framework/Versions/2.7/Extras/lib/python" type="simple" />
            <root url="file:///System/Library/Frameworks/Python.framework/Versions/2.7/Extras/lib/python/PyObjC" type="simple" />
            <root url="file://$USER_HOME$/Library/Caches/PyCharm2019.1/python_stubs/348993582" type="simple" />
            <root url="file://$APPLICATION_HOME_DIR$/helpers/python-skeletons" type="simple" />
            <root url="file://$APPLICATION_HOME_DIR$/helpers/typeshed/stdlib/2" type="simple" />
            <root url="file://$APPLICATION_HOME_DIR$/helpers/typeshed/stdlib/2and3" type="simple" />
            <root url="file://$APPLICATION_HOME_DIR$/helpers/typeshed/third_party/2" type="simple" />
            <root url="file://$APPLICATION_HOME_DIR$/helpers/typeshed/third_party/2and3" type="simple" />
          </root>
        </classPath>
        <sourcePath>
          <root type="composite" />
        </sourcePath>
      </roots>
      <additional />
    </jdk>
    <jdk version="2">
      <name value="Python 2.7.10 virtualenv at ~/workspace/GameControl/" />
      <type value="Python SDK" />
      <version value="Python 2.7.16" />
      <homePath value="$USER_HOME$/workspace/GameControl/.venv/bin/python" />
      <roots>
        <classPath>
          <root type="composite">
            <root url="file://$USER_HOME$/workspace/GameControl/.venv/lib/python2.7" type="simple" />
            <root url="file://$USER_HOME$/workspace/GameControl/.venv/lib/python2.7/lib-dynload" type="simple" />
            <root url="file:///System/Library/Frameworks/Python.framework/Versions/2.7/lib/python2.7" type="simple" />
            <root url="file:///System/Library/Frameworks/Python.framework/Versions/2.7/lib/python2.7/plat-darwin" type="simple" />
            <root url="file:///System/Library/Frameworks/Python.framework/Versions/2.7/lib/python2.7/lib-tk" type="simple" />
            <root url="file:///System/Library/Frameworks/Python.framework/Versions/2.7/lib/python2.7/plat-mac" type="simple" />
            <root url="file:///System/Library/Frameworks/Python.framework/Versions/2.7/lib/python2.7/plat-mac/lib-scriptpackages" type="simple" />
            <root url="file://$USER_HOME$/workspace/GameControl/.venv/lib/python2.7/site-packages" type="simple" />
            <root url="file://$USER_HOME$/Library/Caches/PyCharm2019.1/python_stubs/684051396" type="simple" />
            <root url="file://$APPLICATION_HOME_DIR$/helpers/python-skeletons" type="simple" />
            <root url="file://$USER_HOME$/workspace/GameControl/sitepackages/runtime" type="simple" />
            <root url="file:///opt/google-cloud-sdk/platform/google_appengine" type="simple" />
            <root url="file://$USER_HOME$/workspace/GameControl/sitepackages/dev" type="simple" />
            <root url="file://$APPLICATION_HOME_DIR$/helpers/typeshed/stdlib/2" type="simple" />
            <root url="file://$APPLICATION_HOME_DIR$/helpers/typeshed/stdlib/2and3" type="simple" />
            <root url="file://$APPLICATION_HOME_DIR$/helpers/typeshed/third_party/2" type="simple" />
            <root url="file://$APPLICATION_HOME_DIR$/helpers/typeshed/third_party/2and3" type="simple" />
          </root>
        </classPath>
        <sourcePath>
          <root type="composite" />
        </sourcePath>
      </roots>
      <additional ASSOCIATED_PROJECT_PATH="$USER_HOME$/workspace/GameControl">
        <PATHS_ADDED_BY_USER_ROOT PATH_ADDED_BY_USER="file:///opt/google-cloud-sdk/platform/google_appengine" />
        <PATHS_ADDED_BY_USER_ROOT PATH_ADDED_BY_USER="file://$USER_HOME$/workspace/GameControl/sitepackages/runtime" />
        <PATHS_ADDED_BY_USER_ROOT PATH_ADDED_BY_USER="file://$USER_HOME$/workspace/GameControl/sitepackages/dev" />
      </additional>
    </jdk>
    <jdk version="2">
      <name value="Python 3.6.8 virtualenv at ~/workspace/Sixteen/.venv" />
      <type value="Python SDK" />
      <version value="Python 3.5.0" />
      <homePath value="$USER_HOME$/workspace/Sixteen/.venv/bin/python" />
      <roots>
        <classPath>
          <root type="composite">
            <root url="file://$USER_HOME$/workspace/Sixteen/.venv/lib/python3.5" type="simple" />
            <root url="file://$USER_HOME$/workspace/Sixteen/.venv/lib/python3.5/plat-darwin" type="simple" />
            <root url="file://$USER_HOME$/workspace/Sixteen/.venv/lib/python3.5/lib-dynload" type="simple" />
            <root url="file:///Library/Frameworks/Python.framework/Versions/3.5/lib/python3.5" type="simple" />
            <root url="file:///Library/Frameworks/Python.framework/Versions/3.5/lib/python3.5/plat-darwin" type="simple" />
            <root url="file://$USER_HOME$/workspace/Sixteen/.venv/lib/python3.5/site-packages" type="simple" />
            <root url="file://$USER_HOME$/Library/Caches/PyCharm2019.1/python_stubs/138480435" type="simple" />
            <root url="file://$APPLICATION_HOME_DIR$/helpers/python-skeletons" type="simple" />
            <root url="file://$APPLICATION_HOME_DIR$/helpers/typeshed/stdlib/3" type="simple" />
            <root url="file://$APPLICATION_HOME_DIR$/helpers/typeshed/stdlib/2and3" type="simple" />
            <root url="file://$APPLICATION_HOME_DIR$/helpers/typeshed/third_party/3" type="simple" />
            <root url="file://$APPLICATION_HOME_DIR$/helpers/typeshed/third_party/2and3" type="simple" />
          </root>
        </classPath>
        <sourcePath>
          <root type="composite" />
        </sourcePath>
      </roots>
      <additional />
    </jdk>
    <jdk version="2">
      <name value="Python 3.5 (.venv)" />
      <type value="Python SDK" />
      <version value="Python 3.7.3" />
      <homePath value="$USER_HOME$/workspace/curiosity/.venv/bin/python" />
      <roots>
        <classPath>
          <root type="composite">
            <root url="file://$USER_HOME$/workspace/curiosity/.venv/lib/python3.7" type="simple" />
            <root url="file://$USER_HOME$/workspace/curiosity/.venv/lib/python3.7/lib-dynload" type="simple" />
            <root url="file:///usr/local/Cellar/python/3.7.3/Frameworks/Python.framework/Versions/3.7/lib/python3.7" type="simple" />
            <root url="file://$USER_HOME$/workspace/curiosity/.venv/lib/python3.7/site-packages" type="simple" />
            <root url="file://$USER_HOME$/Library/Caches/PyCharm2019.1/python_stubs/852199470" type="simple" />
            <root url="file://$APPLICATION_HOME_DIR$/helpers/python-skeletons" type="simple" />
            <root url="file://$APPLICATION_HOME_DIR$/helpers/typeshed/stdlib/3" type="simple" />
            <root url="file://$APPLICATION_HOME_DIR$/helpers/typeshed/stdlib/2and3" type="simple" />
            <root url="file://$APPLICATION_HOME_DIR$/helpers/typeshed/third_party/3" type="simple" />
            <root url="file://$APPLICATION_HOME_DIR$/helpers/typeshed/third_party/2and3" type="simple" />
          </root>
        </classPath>
        <sourcePath>
          <root type="composite" />
        </sourcePath>
      </roots>
      <additional ASSOCIATED_PROJECT_PATH="$USER_HOME$/workspace/curiosity" />
    </jdk>
    <jdk version="2">
      <name value="Python 3.5 (universal_converter)" />
      <type value="Python SDK" />
      <version value="Python 3.5.0" />
      <homePath value="$USER_HOME$/workspace/universal_converter/.venv/bin/python" />
      <roots>
        <classPath>
          <root type="composite">
            <root url="file://$USER_HOME$/workspace/universal_converter/.venv/lib/python3.5" type="simple" />
            <root url="file://$USER_HOME$/workspace/universal_converter/.venv/lib/python3.5/plat-darwin" type="simple" />
            <root url="file://$USER_HOME$/workspace/universal_converter/.venv/lib/python3.5/lib-dynload" type="simple" />
            <root url="file:///Library/Frameworks/Python.framework/Versions/3.5/lib/python3.5" type="simple" />
            <root url="file:///Library/Frameworks/Python.framework/Versions/3.5/lib/python3.5/plat-darwin" type="simple" />
            <root url="file://$USER_HOME$/workspace/universal_converter/.venv/lib/python3.5/site-packages" type="simple" />
            <root url="file://$USER_HOME$/Library/Caches/PyCharm2019.1/python_stubs/-30820317" type="simple" />
            <root url="file://$APPLICATION_HOME_DIR$/helpers/python-skeletons" type="simple" />
            <root url="file://$APPLICATION_HOME_DIR$/helpers/typeshed/stdlib/3" type="simple" />
            <root url="file://$APPLICATION_HOME_DIR$/helpers/typeshed/stdlib/2and3" type="simple" />
            <root url="file://$APPLICATION_HOME_DIR$/helpers/typeshed/third_party/3" type="simple" />
            <root url="file://$APPLICATION_HOME_DIR$/helpers/typeshed/third_party/2and3" type="simple" />
          </root>
        </classPath>
        <sourcePath>
          <root type="composite" />
        </sourcePath>
      </roots>
      <additional ASSOCIATED_PROJECT_PATH="$USER_HOME$/workspace/universal_converter" />
    </jdk>
    <jdk version="2">
      <name value="Python 3.5 (user_crud_app)" />
      <type value="Python SDK" />
      <version value="Python 3.5.0" />
      <homePath value="$USER_HOME$/workspace/user_crud_app/.venv/bin/python" />
      <roots>
        <classPath>
          <root type="composite">
            <root url="file://$USER_HOME$/workspace/user_crud_app/.venv/lib/python3.5" type="simple" />
            <root url="file://$USER_HOME$/workspace/user_crud_app/.venv/lib/python3.5/plat-darwin" type="simple" />
            <root url="file://$USER_HOME$/workspace/user_crud_app/.venv/lib/python3.5/lib-dynload" type="simple" />
            <root url="file:///Library/Frameworks/Python.framework/Versions/3.5/lib/python3.5" type="simple" />
            <root url="file:///Library/Frameworks/Python.framework/Versions/3.5/lib/python3.5/plat-darwin" type="simple" />
            <root url="file://$USER_HOME$/workspace/user_crud_app/.venv/lib/python3.5/site-packages" type="simple" />
            <root url="file://$USER_HOME$/Library/Caches/PyCharm2019.1/python_stubs/240950203" type="simple" />
            <root url="file://$APPLICATION_HOME_DIR$/helpers/python-skeletons" type="simple" />
            <root url="file://$APPLICATION_HOME_DIR$/helpers/typeshed/stdlib/3" type="simple" />
            <root url="file://$APPLICATION_HOME_DIR$/helpers/typeshed/stdlib/2and3" type="simple" />
            <root url="file://$APPLICATION_HOME_DIR$/helpers/typeshed/third_party/3" type="simple" />
            <root url="file://$APPLICATION_HOME_DIR$/helpers/typeshed/third_party/2and3" type="simple" />
          </root>
        </classPath>
        <sourcePath>
          <root type="composite" />
        </sourcePath>
      </roots>
      <additional ASSOCIATED_PROJECT_PATH="$USER_HOME$/workspace/user_crud_app" />
    </jdk>
    <jdk version="2">
      <name value="Python 3.5 (oh_crud)" />
      <type value="Python SDK" />
      <version value="Python 3.5.0" />
      <homePath value="$USER_HOME$/workspace/oh_crud/env/bin/python" />
      <roots>
        <classPath>
          <root type="composite">
            <root url="file://$USER_HOME$/workspace/oh_crud/env/lib/python3.5" type="simple" />
            <root url="file://$USER_HOME$/workspace/oh_crud/env/lib/python3.5/plat-darwin" type="simple" />
            <root url="file://$USER_HOME$/workspace/oh_crud/env/lib/python3.5/lib-dynload" type="simple" />
            <root url="file:///Library/Frameworks/Python.framework/Versions/3.5/lib/python3.5" type="simple" />
            <root url="file:///Library/Frameworks/Python.framework/Versions/3.5/lib/python3.5/plat-darwin" type="simple" />
            <root url="file://$USER_HOME$/workspace/oh_crud/env/lib/python3.5/site-packages" type="simple" />
            <root url="file://$USER_HOME$/Library/Caches/PyCharm2019.1/python_stubs/792600611" type="simple" />
            <root url="file://$APPLICATION_HOME_DIR$/helpers/python-skeletons" type="simple" />
            <root url="file://$APPLICATION_HOME_DIR$/helpers/typeshed/stdlib/3" type="simple" />
            <root url="file://$APPLICATION_HOME_DIR$/helpers/typeshed/stdlib/2and3" type="simple" />
            <root url="file://$APPLICATION_HOME_DIR$/helpers/typeshed/third_party/3" type="simple" />
            <root url="file://$APPLICATION_HOME_DIR$/helpers/typeshed/third_party/2and3" type="simple" />
          </root>
        </classPath>
        <sourcePath>
          <root type="composite" />
        </sourcePath>
      </roots>
      <additional ASSOCIATED_PROJECT_PATH="$USER_HOME$/workspace/oh_crud" />
    </jdk>
    <jdk version="2">
      <name value="Python 3.5 (good_looker)" />
      <type value="Python SDK" />
      <version value="Python 3.5.0" />
      <homePath value="$USER_HOME$/workspace/good_looker/.venv/bin/python" />
      <roots>
        <classPath>
          <root type="composite">
            <root url="file://$USER_HOME$/workspace/good_looker/.venv/lib/python3.5" type="simple" />
            <root url="file://$USER_HOME$/workspace/good_looker/.venv/lib/python3.5/plat-darwin" type="simple" />
            <root url="file://$USER_HOME$/workspace/good_looker/.venv/lib/python3.5/lib-dynload" type="simple" />
            <root url="file:///Library/Frameworks/Python.framework/Versions/3.5/lib/python3.5" type="simple" />
            <root url="file:///Library/Frameworks/Python.framework/Versions/3.5/lib/python3.5/plat-darwin" type="simple" />
            <root url="file://$USER_HOME$/workspace/good_looker/.venv/lib/python3.5/site-packages" type="simple" />
            <root url="file://$USER_HOME$/Library/Caches/PyCharm2019.1/python_stubs/458120641" type="simple" />
            <root url="file://$APPLICATION_HOME_DIR$/helpers/python-skeletons" type="simple" />
            <root url="file://$APPLICATION_HOME_DIR$/helpers/typeshed/stdlib/3" type="simple" />
            <root url="file://$APPLICATION_HOME_DIR$/helpers/typeshed/stdlib/2and3" type="simple" />
            <root url="file://$APPLICATION_HOME_DIR$/helpers/typeshed/third_party/3" type="simple" />
            <root url="file://$APPLICATION_HOME_DIR$/helpers/typeshed/third_party/2and3" type="simple" />
          </root>
        </classPath>
        <sourcePath>
          <root type="composite" />
        </sourcePath>
      </roots>
      <additional ASSOCIATED_PROJECT_PATH="$USER_HOME$/workspace/good_looker" />
    </jdk>
    <jdk version="2">
      <name value="Python 3.5 (crud-app-github-oauth)" />
      <type value="Python SDK" />
      <version value="Python 3.5.0" />
      <homePath value="$USER_HOME$/workspace/crud-app-github-oauth/.venv/bin/python" />
      <roots>
        <classPath>
          <root type="composite">
            <root url="file://$USER_HOME$/workspace/crud-app-github-oauth/.venv/lib/python3.5" type="simple" />
            <root url="file://$USER_HOME$/workspace/crud-app-github-oauth/.venv/lib/python3.5/plat-darwin" type="simple" />
            <root url="file://$USER_HOME$/workspace/crud-app-github-oauth/.venv/lib/python3.5/lib-dynload" type="simple" />
            <root url="file:///Library/Frameworks/Python.framework/Versions/3.5/lib/python3.5" type="simple" />
            <root url="file:///Library/Frameworks/Python.framework/Versions/3.5/lib/python3.5/plat-darwin" type="simple" />
            <root url="file://$USER_HOME$/workspace/crud-app-github-oauth/.venv/lib/python3.5/site-packages" type="simple" />
            <root url="file://$USER_HOME$/Library/Caches/PyCharm2019.1/python_stubs/2055049415" type="simple" />
            <root url="file://$APPLICATION_HOME_DIR$/helpers/python-skeletons" type="simple" />
            <root url="file://$APPLICATION_HOME_DIR$/helpers/typeshed/stdlib/3" type="simple" />
            <root url="file://$APPLICATION_HOME_DIR$/helpers/typeshed/stdlib/2and3" type="simple" />
            <root url="file://$APPLICATION_HOME_DIR$/helpers/typeshed/third_party/3" type="simple" />
            <root url="file://$APPLICATION_HOME_DIR$/helpers/typeshed/third_party/2and3" type="simple" />
          </root>
        </classPath>
        <sourcePath>
          <root type="composite" />
        </sourcePath>
      </roots>
      <additional ASSOCIATED_PROJECT_PATH="$USER_HOME$/workspace/crud-app-github-oauth" />
    </jdk>
    <jdk version="2">
      <name value="Python 3.5 (wb-oauth)" />
      <type value="Python SDK" />
      <version value="Python 3.5.0" />
      <homePath value="$USER_HOME$/workspace/wb-oauth/.venv/bin/python" />
      <roots>
        <classPath>
          <root type="composite">
            <root url="file://$USER_HOME$/workspace/wb-oauth/.venv/lib/python3.5" type="simple" />
            <root url="file://$USER_HOME$/workspace/wb-oauth/.venv/lib/python3.5/plat-darwin" type="simple" />
            <root url="file://$USER_HOME$/workspace/wb-oauth/.venv/lib/python3.5/lib-dynload" type="simple" />
            <root url="file:///Library/Frameworks/Python.framework/Versions/3.5/lib/python3.5" type="simple" />
            <root url="file:///Library/Frameworks/Python.framework/Versions/3.5/lib/python3.5/plat-darwin" type="simple" />
            <root url="file://$USER_HOME$/workspace/wb-oauth/.venv/lib/python3.5/site-packages" type="simple" />
            <root url="file://$USER_HOME$/Library/Caches/PyCharm2019.1/python_stubs/-1639818634" type="simple" />
            <root url="file://$APPLICATION_HOME_DIR$/helpers/python-skeletons" type="simple" />
            <root url="file://$APPLICATION_HOME_DIR$/helpers/typeshed/stdlib/3" type="simple" />
            <root url="file://$APPLICATION_HOME_DIR$/helpers/typeshed/stdlib/2and3" type="simple" />
            <root url="file://$APPLICATION_HOME_DIR$/helpers/typeshed/third_party/3" type="simple" />
            <root url="file://$APPLICATION_HOME_DIR$/helpers/typeshed/third_party/2and3" type="simple" />
          </root>
        </classPath>
        <sourcePath>
          <root type="composite" />
        </sourcePath>
      </roots>
      <additional ASSOCIATED_PROJECT_PATH="$USER_HOME$/workspace/wb-oauth" />
    </jdk>
    <jdk version="2">
      <name value="Python 3.5 (waggie)" />
      <type value="Python SDK" />
      <version value="Python 3.5.0" />
      <homePath value="$USER_HOME$/workspace/waggie/.venv/bin/python" />
      <roots>
        <classPath>
          <root type="composite">
            <root url="file://$USER_HOME$/workspace/waggie/.venv/lib/python3.5" type="simple" />
            <root url="file://$USER_HOME$/workspace/waggie/.venv/lib/python3.5/plat-darwin" type="simple" />
            <root url="file://$USER_HOME$/workspace/waggie/.venv/lib/python3.5/lib-dynload" type="simple" />
            <root url="file:///Library/Frameworks/Python.framework/Versions/3.5/lib/python3.5" type="simple" />
            <root url="file:///Library/Frameworks/Python.framework/Versions/3.5/lib/python3.5/plat-darwin" type="simple" />
            <root url="file://$USER_HOME$/workspace/waggie/.venv/lib/python3.5/site-packages" type="simple" />
            <root url="file://$USER_HOME$/Library/Caches/PyCharm2019.1/python_stubs/-774822043" type="simple" />
            <root url="file://$APPLICATION_HOME_DIR$/helpers/python-skeletons" type="simple" />
            <root url="file://$APPLICATION_HOME_DIR$/helpers/typeshed/stdlib/3" type="simple" />
            <root url="file://$APPLICATION_HOME_DIR$/helpers/typeshed/stdlib/2and3" type="simple" />
            <root url="file://$APPLICATION_HOME_DIR$/helpers/typeshed/third_party/3" type="simple" />
            <root url="file://$APPLICATION_HOME_DIR$/helpers/typeshed/third_party/2and3" type="simple" />
          </root>
        </classPath>
        <sourcePath>
          <root type="composite" />
        </sourcePath>
      </roots>
      <additional ASSOCIATED_PROJECT_PATH="$USER_HOME$/workspace/waggie" />
    </jdk>
    <jdk version="2">
      <name value="Python 3.7 (boiler_plate)" />
      <type value="Python SDK" />
      <version value="Python 3.7.7" />
      <homePath value="$USER_HOME$/workspace/boiler_plate/.venv/bin/python" />
      <roots>
        <classPath>
          <root type="composite">
            <root url="file://$USER_HOME$/workspace/boiler_plate/.venv/lib/python3.7" type="simple" />
            <root url="file://$USER_HOME$/workspace/boiler_plate/.venv/lib/python3.7/lib-dynload" type="simple" />
            <root url="file:///usr/local/Cellar/python/3.7.7/Frameworks/Python.framework/Versions/3.7/lib/python3.7" type="simple" />
            <root url="file://$USER_HOME$/workspace/boiler_plate/.venv/lib/python3.7/site-packages" type="simple" />
            <root url="file://$USER_HOME$/Library/Caches/PyCharm2019.1/python_stubs/103342903" type="simple" />
            <root url="file://$APPLICATION_HOME_DIR$/helpers/python-skeletons" type="simple" />
            <root url="file://$APPLICATION_HOME_DIR$/helpers/typeshed/stdlib/3" type="simple" />
            <root url="file://$APPLICATION_HOME_DIR$/helpers/typeshed/stdlib/2and3" type="simple" />
            <root url="file://$APPLICATION_HOME_DIR$/helpers/typeshed/third_party/3" type="simple" />
            <root url="file://$APPLICATION_HOME_DIR$/helpers/typeshed/third_party/2and3" type="simple" />
          </root>
        </classPath>
        <sourcePath>
          <root type="composite" />
        </sourcePath>
      </roots>
      <additional ASSOCIATED_PROJECT_PATH="$USER_HOME$/workspace/boiler_plate" />
    </jdk>
    <jdk version="2">
      <name value="Python 3.7 (Django-Poll-App)" />
      <type value="Python SDK" />
      <homePath value="$USER_HOME$/workspace/Django-Poll-App/.venv/bin/python" />
      <roots>
        <classPath>
          <root type="composite">
            <root url="file://$USER_HOME$/workspace/Django-Poll-App/.venv/lib/python3.7" type="simple" />
            <root url="file://$USER_HOME$/workspace/Django-Poll-App/.venv/lib/python3.7/lib-dynload" type="simple" />
            <root url="file:///usr/local/Cellar/python/3.7.7/Frameworks/Python.framework/Versions/3.7/lib/python3.7" type="simple" />
            <root url="file://$USER_HOME$/workspace/Django-Poll-App/.venv/lib/python3.7/site-packages" type="simple" />
            <root url="file://$USER_HOME$/workspace/django-adminlte-ui" type="simple" />
            <root url="file://$USER_HOME$/Library/Caches/PyCharm2019.1/python_stubs/291406282" type="simple" />
            <root url="file://$APPLICATION_HOME_DIR$/helpers/python-skeletons" type="simple" />
            <root url="file://$APPLICATION_HOME_DIR$/helpers/typeshed/stdlib/3" type="simple" />
            <root url="file://$APPLICATION_HOME_DIR$/helpers/typeshed/stdlib/2and3" type="simple" />
            <root url="file://$APPLICATION_HOME_DIR$/helpers/typeshed/third_party/3" type="simple" />
            <root url="file://$APPLICATION_HOME_DIR$/helpers/typeshed/third_party/2and3" type="simple" />
          </root>
        </classPath>
        <sourcePath>
          <root type="composite" />
        </sourcePath>
      </roots>
      <additional ASSOCIATED_PROJECT_PATH="$USER_HOME$/workspace/Django-Poll-App" />
    </jdk>
    <jdk version="2">
      <name value="Python 3.7 (website)" />
      <type value="Python SDK" />
      <version value="Python 3.5.0" />
      <homePath value="$USER_HOME$/workspace/website/.venv/bin/python" />
      <roots>
        <classPath>
          <root type="composite">
            <root url="file://$USER_HOME$/workspace/website/python" type="simple" />
            <root url="file://$USER_HOME$/workspace/website/.venv/lib/python3.5" type="simple" />
            <root url="file://$USER_HOME$/workspace/website/.venv/lib/python3.5/plat-darwin" type="simple" />
            <root url="file://$USER_HOME$/workspace/website/.venv/lib/python3.5/lib-dynload" type="simple" />
            <root url="file:///Library/Frameworks/Python.framework/Versions/3.5/lib/python3.5" type="simple" />
            <root url="file:///Library/Frameworks/Python.framework/Versions/3.5/lib/python3.5/plat-darwin" type="simple" />
            <root url="file://$USER_HOME$/workspace/website/.venv/lib/python3.5/site-packages" type="simple" />
            <root url="file://$USER_HOME$/workspace/website/.venv/src/raven-harakiri" type="simple" />
            <root url="file://$USER_HOME$/workspace/website/.venv/src/django-datetimezone-field" type="simple" />
            <root url="file://$USER_HOME$/workspace/website/.venv/src/django-money-rates" type="simple" />
            <root url="file://$USER_HOME$/workspace/website/.venv/src/django-paypal" type="simple" />
            <root url="file://$USER_HOME$/workspace/website/.venv/src/linode-python" type="simple" />
            <root url="file://$USER_HOME$/Library/Caches/PyCharm2019.1/python_stubs/1979571988" type="simple" />
            <root url="file://$APPLICATION_HOME_DIR$/helpers/python-skeletons" type="simple" />
            <root url="file://$USER_HOME$/workspace/website" type="simple" />
            <root url="file://$APPLICATION_HOME_DIR$/helpers/typeshed/stdlib/3" type="simple" />
            <root url="file://$APPLICATION_HOME_DIR$/helpers/typeshed/stdlib/2and3" type="simple" />
            <root url="file://$APPLICATION_HOME_DIR$/helpers/typeshed/third_party/3" type="simple" />
            <root url="file://$APPLICATION_HOME_DIR$/helpers/typeshed/third_party/2and3" type="simple" />
          </root>
        </classPath>
        <sourcePath>
          <root type="composite" />
        </sourcePath>
      </roots>
      <additional ASSOCIATED_PROJECT_PATH="$USER_HOME$/workspace/website">
        <PATHS_ADDED_BY_USER_ROOT PATH_ADDED_BY_USER="file://$USER_HOME$/workspace/website" />
      </additional>
    </jdk>
    <jdk version="2">
      <name value="Python 3.7 (django-adminlte-ui)" />
      <type value="Python SDK" />
      <version value="Python 3.7.7" />
      <homePath value="$USER_HOME$/workspace/django-adminlte-ui/.venv/bin/python" />
      <roots>
        <classPath>
          <root type="composite">
            <root url="file://$USER_HOME$/workspace/django-adminlte-ui/.venv/lib/python3.7" type="simple" />
            <root url="file://$USER_HOME$/workspace/django-adminlte-ui/.venv/lib/python3.7/lib-dynload" type="simple" />
            <root url="file:///usr/local/Cellar/python/3.7.7/Frameworks/Python.framework/Versions/3.7/lib/python3.7" type="simple" />
            <root url="file://$USER_HOME$/workspace/django-adminlte-ui/.venv/lib/python3.7/site-packages" type="simple" />
            <root url="file://$USER_HOME$/Library/Caches/PyCharm2019.1/python_stubs/2065218666" type="simple" />
            <root url="file://$APPLICATION_HOME_DIR$/helpers/python-skeletons" type="simple" />
            <root url="file://$APPLICATION_HOME_DIR$/helpers/typeshed/stdlib/3" type="simple" />
            <root url="file://$APPLICATION_HOME_DIR$/helpers/typeshed/stdlib/2and3" type="simple" />
            <root url="file://$APPLICATION_HOME_DIR$/helpers/typeshed/third_party/3" type="simple" />
            <root url="file://$APPLICATION_HOME_DIR$/helpers/typeshed/third_party/2and3" type="simple" />
          </root>
        </classPath>
        <sourcePath>
          <root type="composite" />
        </sourcePath>
      </roots>
      <additional ASSOCIATED_PROJECT_PATH="$USER_HOME$/workspace/django-adminlte-ui" />
    </jdk>
    <jdk version="2">
      <name value="Pipenv (django-jazzmin)" />
      <type value="Python SDK" />
      <version value="Python 3.7.7" />
      <homePath value="$USER_HOME$/.local/share/virtualenvs/django-jazzmin-iobX4TQY/bin/python" />
      <roots>
        <classPath>
          <root type="composite">
            <root url="file:///usr/local/opt/python/Frameworks/Python.framework/Versions/3.7/lib/python3.7" type="simple" />
            <root url="file:///usr/local/opt/python/Frameworks/Python.framework/Versions/3.7/lib/python3.7/lib-dynload" type="simple" />
            <root url="file://$USER_HOME$/.local/share/virtualenvs/django-jazzmin-iobX4TQY/lib/python3.7/site-packages" type="simple" />
            <root url="file://$USER_HOME$/Library/Caches/PyCharm2019.1/python_stubs/-1981159757" type="simple" />
            <root url="file://$APPLICATION_HOME_DIR$/helpers/python-skeletons" type="simple" />
            <root url="file://$APPLICATION_HOME_DIR$/helpers/typeshed/stdlib/3" type="simple" />
            <root url="file://$APPLICATION_HOME_DIR$/helpers/typeshed/stdlib/2and3" type="simple" />
            <root url="file://$APPLICATION_HOME_DIR$/helpers/typeshed/third_party/3" type="simple" />
            <root url="file://$APPLICATION_HOME_DIR$/helpers/typeshed/third_party/2and3" type="simple" />
          </root>
        </classPath>
        <sourcePath>
          <root type="composite" />
        </sourcePath>
      </roots>
      <additional ASSOCIATED_PROJECT_PATH="$USER_HOME$/workspace/django-jazzmin" IS_PIPENV="true" />
    </jdk>
    <jdk version="2">
      <name value="Python 3.7 (project1)" />
      <type value="Python SDK" />
      <version value="Python 3.7.7" />
      <homePath value="$USER_HOME$/workspace/project1/.venv/bin/python" />
      <roots>
        <classPath>
          <root type="composite">
            <root url="file://$USER_HOME$/workspace/project1/.venv/lib/python3.7" type="simple" />
            <root url="file://$USER_HOME$/workspace/project1/.venv/lib/python3.7/lib-dynload" type="simple" />
            <root url="file:///usr/local/Cellar/python/3.7.7/Frameworks/Python.framework/Versions/3.7/lib/python3.7" type="simple" />
            <root url="file://$USER_HOME$/workspace/project1/.venv/lib/python3.7/site-packages" type="simple" />
            <root url="file://$USER_HOME$/Library/Caches/PyCharm2019.1/python_stubs/-287229517" type="simple" />
            <root url="file://$APPLICATION_HOME_DIR$/helpers/python-skeletons" type="simple" />
            <root url="file://$APPLICATION_HOME_DIR$/helpers/typeshed/stdlib/3" type="simple" />
            <root url="file://$APPLICATION_HOME_DIR$/helpers/typeshed/stdlib/2and3" type="simple" />
            <root url="file://$APPLICATION_HOME_DIR$/helpers/typeshed/third_party/3" type="simple" />
            <root url="file://$APPLICATION_HOME_DIR$/helpers/typeshed/third_party/2and3" type="simple" />
          </root>
        </classPath>
        <sourcePath>
          <root type="composite" />
        </sourcePath>
      </roots>
      <additional ASSOCIATED_PROJECT_PATH="$USER_HOME$/workspace/project1" />
    </jdk>
  </component>
</application>